{
    "accuracy": 0.6688898801803589,
    "recall": 0.30125001072883606,
    "loss": 1.028585433959961
}