{
    "accuracy": 0.4622201919555664,
    "recall": 0.5704652667045593,
    "loss": 0.6066076755523682
}