{
    "accuracy": 0.5147556066513062,
    "recall": 0.5140507221221924,
    "loss": 1.0611050128936768
}