{
    "accuracy": 0.9998544454574585,
    "loss": 0.24352213740348816
}