{
    "accuracy": 0.7800445556640625,
    "loss": 0.5045480728149414
}