{
    "accuracy": 0.4251607060432434,
    "recall": 0.5997023582458496,
    "loss": 0.7042690515518188
}