{
    "accuracy": 0.45550239086151123,
    "recall": 0.5616438388824463,
    "loss": 0.6991925239562988
}