{
    "accuracy": 0.8507080674171448,
    "recall": 0.0031250000465661287,
    "loss": 2.0859458446502686
}