{
    "accuracy": 0.7796807289123535,
    "recall": 0.001654601888731122,
    "loss": 0.5035234689712524
}